<?xml version="1.0" encoding="us-ascii"?>
<VoxML xmlns:xsi="http://www.w3.org/2001/XMLSchema-instance" xmlns:xsd="http://www.w3.org/2001/XMLSchema">
    <Entity Type="Object" />
  <Lex>
    <Pred>apple</Pred>
    <Type>physobj</Type>
  </Lex>
  <Type>
    <Head>ellipsoid[1]</Head>
    <Components>
      <Component Value="fruit[1]" />
      <Component Value="stem" />
      <Component Value="leaf" />
    </Components>
    <Concavity>Convex</Concavity>
    <RotatSym>Y</RotatSym>
    <ReflSym>XY,YZ</ReflSym>
  </Type>
  <Habitat>
    <Intrinsic />
    <Extrinsic />
  </Habitat>
  <Afford_Str>
    <Affordances>
        <Affordance Formula="H-&gt;[put([1], in(x))]contain([1], x)" />
        <Affordance Formula="H-&gt;[grasp(x, [1])]hold(x, [1])" />
        <Affordance Formula="H-&gt;[lift(x, [1])]hold(x, [1])" />
        <Affordance Formula="H-&gt;[roll([1])]" />
        <Affordance Formula="H-&gt;[slide([1])]" />
    </Affordances>
  </Afford_Str>
  <Embodiment>
    <Scale>&lt;agent</Scale>
    <Movable>true</Movable>
  </Embodiment>
</VoxML>
