<?xml version="1.0" encoding="us-ascii"?>
<VoxML xmlns:xsi="http://www.w3.org/2001/XMLSchema-instance" xmlns:xsd="http://www.w3.org/2001/XMLSchema">
    <Entity Type="Object" />
  <Lex>
    <Pred>floor</Pred>
    <Type>physobj</Type>
  </Lex>
  <Type>
    <Head>sheet[1]</Head>
    <Components />
    <Concavity>Flat</Concavity>
    <RotatSym>X,Y,Z</RotatSym>
    <ReflSym>XY,XZ,YZ</ReflSym>
  </Type>
  <Habitat>
    <Intrinsic />
    <Extrinsic />
  </Habitat>
  <Afford_Str>
    <Affordances>
        <Affordance Formula="H-&gt;[put(x, on([1]))]support([1], x)" />
    </Affordances>
  </Afford_Str>
  <Embodiment>
    <Scale>&gt;agent</Scale>
    <Movable>false</Movable>
  </Embodiment>
</VoxML>
