<?xml version="1.0" encoding="us-ascii"?>
<VoxML xmlns:xsi="http://www.w3.org/2001/XMLSchema-instance" xmlns:xsd="http://www.w3.org/2001/XMLSchema">
  <Entity Type="Object" />
  <Lex>
    <Pred>handle</Pred>
    <Type>physobj*artifact</Type>
  </Lex>
  <Type>
    <Head>rectangular_prism[1]</Head>
    <Components />
    <Concavity>Flat</Concavity>
    <RotatSym>X</RotatSym>
    <ReflSym>XY,YZ</ReflSym>
    <Args />
    <Body />
    <Scale />
    <Arity />
    <Class />
    <Value />
    <Constr />
  </Type>
  <Habitat>
    <Intrinsic />
    <Extrinsic />
  </Habitat>
  <Afford_Str>
    <Affordances>
      <Affordance Formula="H-&gt;[grasp(x, [1])]" />
    </Affordances>
  </Afford_Str>
  <Embodiment>
    <Scale>&lt;agent</Scale>
    <Movable>true</Movable>
  </Embodiment>
  <Attributes>
    <Attrs />
  </Attributes>
</VoxML>