<?xml version="1.0" encoding="us-ascii"?>
<VoxML xmlns:xsi="http://www.w3.org/2001/XMLSchema-instance" xmlns:xsd="http://www.w3.org/2001/XMLSchema">
    <Entity Type="Object" />
  <Lex>
    <Pred>table</Pred>
    <Type>physobj*artifact</Type>
  </Lex>
  <Type>
    <Head>sheet[1]</Head>
    <Components>
      <Component Value="surface[1]" />
      <!--<Component Value="leg[2]+" />-->
    </Components>
    <Concavity>Flat</Concavity>
    <RotatSym>Y</RotatSym>
    <ReflSym>XY,YZ</ReflSym>
  </Type>
  <Habitat>
    <Intrinsic>
      <Intr Name="UP[3]" Value="align(Y,E_y)" />
      <Intr Name="TOP[3]" Value="top(+Y)" />
      <Intr Name="CONSTR[3]" Value="Y[1] &lt;&lt; Z[1], Y[1] &lt;&lt; X[1]" />
      <Intr Name="CONSTR[3]" Value="Y[2] &gt;&gt; X[2], Y[2] &gt;&gt; Z[2]" />
    </Intrinsic>
    <Extrinsic />
  </Habitat>
  <Afford_Str>
    <Affordances>
        <Affordance Formula="H[3]-&gt;[put(x,on([1]))]support([1],x)" />
    </Affordances>
  </Afford_Str>
  <Embodiment>
    <Scale>agent</Scale>
    <Movable>true</Movable>
  </Embodiment>
</VoxML>
