<?xml version="1.0" encoding="us-ascii"?>
<VoxML xmlns:xsi="http://www.w3.org/2001/XMLSchema-instance" xmlns:xsd="http://www.w3.org/2001/XMLSchema">
    <Entity Type="Relation" />
    <Lex>
        <Pred>contain</Pred>
    </Lex>
    <Type>
        <Class>config</Class>
        <Value>PO | ProperPart</Value>
        <Args>
            <Arg Value="x:3D" />
            <Arg Value="y:3D" />
        </Args>
        <Constr>Head->[Concavity &amp;&amp; align(RotatSym->Axis,E_y)]</Constr>
        <Corresps />
    </Type>
</VoxML>
